{
  "params_log": {
    "const_ln_a": -8.769876118828208,
    "b_dap": 1.742625670162769,
    "b_h": 0.7447565066613119
  },
  "smearing": 1.0145190065127518,
  "equacao": "V = a * DAP^b * H^c",
  "a": 0.0001553428235079569,
  "b": 1.742625670162769,
  "c": 0.7447565066613119,
  "a_efetivo_com_smearing": 0.0001575982469741782,
  "r2_teste_escala_original": 0.8999756768922751,
  "rmse_teste_escala_original": 0.03409751913821151,
  "n_observacoes": 68
}